{
    "put": [{
        "ID": 69737,
        "name": "车位1076",
        "fnum": 2,
        "status":0
    }, {
        "ID": 69738,
        "name": "车位1075",
        "fnum": 2,
        "status":1
    }, {
        "ID": 69739,
        "name": "车位1074",
        "fnum": 2,
        "status":1
    }, {
        "ID": 69744,
        "name": "车位1073",
        "fnum": 2,
        "status":1
    }, {
        "ID": 69743,
        "name": "车位1072",
        "fnum": 2,
        "status":2
    }, {
        "ID": 69742,
        "name": "车位1071",
        "fnum": 2,
        "status":2
    },{
        "ID": 69740,
        "name": "车位1070",
        "fnum": 2,
        "status":1
    }, {
        "ID": 69747,
        "name": "车位1069",
        "fnum": 2,
        "status":1
    }, {
        "ID": 69746,
        "name": "车位1068",
        "fnum": 2,
        "status":2
    }, {
        "ID": 69745,
        "name": "车位1067",
        "fnum": 2,
        "status":1
    }, {
        "ID": 69741,
        "name": "车位1066",
        "fnum": 2,
        "status":2
    }, {
        "ID": 69750,
        "name": "车位1065",
        "fnum": 2,
        "status":1
    },{
        "ID": 69749,
        "name": "车位1064",
        "fnum": 2,
        "status":1
    }, {
        "ID": 69748,
        "name": "车位1063",
        "fnum": 2,
        "status":1
    }, {
        "ID": 69753,
        "name": "车位1062",
        "fnum": 2,
        "status":2
    }, {
        "ID": 69752,
        "name": "车位1061",
        "fnum": 2,
        "status":2
    }, {
        "ID": 69751,
        "name": "车位1060",
        "fnum": 2,
        "status":2
    }, {
        "ID": 69756,
        "name": "车位1059",
        "fnum": 2,
        "status":2
    },{
        "ID": 69755,
        "name": "车位1058",
        "fnum": 2,
        "status":2
    }, {
        "ID": 69754,
        "name": "车位1057",
        "fnum": 2,
        "status":2
    }, {
        "ID": 69759,
        "name": "车位1056",
        "fnum": 2,
        "status":1
    }, {
        "ID": 69758,
        "name": "车位1055",
        "fnum": 2,
        "status":1
    }, {
        "ID": 69757,
        "name": "车位1054",
        "fnum": 2,
        "status":1
    }, {
        "ID": 69762,
        "name": "车位1053",
        "fnum": 2,
        "status":1
    },{
        "ID": 69761,
        "name": "车位1052",
        "fnum": 2,
        "status":1
    }, {
        "ID": 69760,
        "name": "车位1051",
        "fnum": 2,
        "status":2
    }, {
        "ID": 69775,
        "name": "车位1079",
        "fnum": 2,
        "status":2
    }, {
        "ID": 69836,
        "name": "车位1078",
        "fnum": 2,
        "status":1
    }, {
        "ID": 69793,
        "name": "车位1080",
        "fnum": 2,
        "status":2
    }, {
        "ID": 69794,
        "name": "车位1081",
        "fnum": 2,
        "status":1
    },{
        "ID": 69795,
        "name": "车位1082",
        "fnum": 2,
        "status":2
    }, {
        "ID": 69796,
        "name": "车位1083",
        "fnum": 2,
        "status":1
    }, {
        "ID": 69797,
        "name": "车位1084",
        "fnum": 2,
        "status":1
    }, {
        "ID": 69798,
        "name": "车位1085",
        "fnum": 2,
        "status":2
    }, {
        "ID": 69799,
        "name": "车位1086",
        "fnum": 2,
        "status":1
    }, {
        "ID": 69800,
        "name": "车位1087",
        "fnum": 2,
        "status":2
    },{
        "ID": 69801,
        "name": "车位1088",
        "fnum": 2,
        "status":1
    }, {
        "ID": 69787,
        "name": "车位1089",
        "fnum": 2,
        "status":1
    }, {
        "ID": 69776,
        "name": "车位1090",
        "fnum": 2,
        "status":1
    }, {
        "ID": 69777,
        "name": "车位1091",
        "fnum": 2,
        "status":2
    }, {
        "ID": 69778,
        "name": "车位1092",
        "fnum": 2,
        "status":2
    }, {
        "ID": 69779,
        "name": "车位1093",
        "fnum": 2,
        "status":2
    },{
        "ID": 69837,
        "name": "车位1094",
        "fnum": 2,
        "status":2
    }, {
        "ID": 69770,
        "name": "车位1095",
        "fnum": 2,
        "status":2
    }, {
        "ID": 69771,
        "name": "车位1096",
        "fnum": 2,
        "status":2
    }, {
        "ID": 69780,
        "name": "车位1097",
        "fnum": 2,
        "status":1
    }, {
        "ID": 69781,
        "name": "车位1098",
        "fnum": 2,
        "status":2
    }, {
        "ID": 69782,
        "name": "车位1099",
        "fnum": 2,
        "status":1
    },{
        "ID": 69785,
        "name": "车位1101",
        "fnum": 2,
        "status":2
    }, {
        "ID": 69784,
        "name": "车位1100",
        "fnum": 2,
        "status":1
    }, {
        "ID": 69838,
        "name": "车位1102",
        "fnum": 2,
        "status":2
    }, {
        "ID": 69839,
        "name": "",
        "fnum": 2,
        "status":1
    }, {
        "ID": 69840,
        "name": "",
        "fnum": 2,
        "status":1
    }, {
        "ID": 69841,
        "name": "",
        "fnum": 2,
        "status":2
    },{
        "ID": 69774,
        "name": "车位1025",
        "fnum": 2,
        "status":2
    }, {
        "ID": 69802,
        "name": "车位1039",
        "fnum": 2,
        "status":1
    }, {
        "ID": 69803,
        "name": "车位1040",
        "fnum": 2,
        "status":1
    }, {
        "ID": 69789,
        "name": "车位1041",
        "fnum": 2,
        "status":1
    }, {
        "ID": 69804,
        "name": "车位1042",
        "fnum": 2,
        "status":1
    }, {
        "ID": 69805,
        "name": "车位1043",
        "fnum": 2,
        "status":1
    },{
        "ID": 69806,
        "name": "车位1044",
        "fnum": 2,
        "status":1
    }, {
        "ID": 69807,
        "name": "车位1045",
        "fnum": 2,
        "status":2
    }, {
        "ID": 69808,
        "name": "车位1046",
        "fnum": 2,
        "status":2
    }, {
        "ID": 69809,
        "name": "车位1047",
        "fnum": 2,
        "status":2
    }, {
        "ID": 69810,
        "name": "车位1048",
        "fnum": 2,
        "status":2
    }, {
        "ID": 69811,
        "name": "车位1049",
        "fnum": 2,
        "status":2
    },{
        "ID": 69786,
        "name": "车位1050",
        "fnum": 2,
        "status":1
    }, {
        "ID": 69773,
        "name": "车位1038",
        "fnum": 2,
        "status":1
    }, {
        "ID": 69831,
        "name": "车位1037",
        "fnum": 2,
        "status":2
    }, {
        "ID": 69821,
        "name": "车位1036",
        "fnum": 2,
        "status":2
    }, {
        "ID": 69820,
        "name": "车位1035",
        "fnum": 2,
        "status":2
    }, {
        "ID": 69819,
        "name": "车位1034",
        "fnum": 2,
        "status":1
    },{
        "ID": 69818,
        "name": "车位1033",
        "fnum": 2,
        "status":2
    }, {
        "ID": 69817,
        "name": "车位1032",
        "fnum": 2,
        "status":1
    }, {
        "ID": 69816,
        "name": "车位1031",
        "fnum": 2,
        "status":2
    }, {
        "ID": 69815,
        "name": "车位1030",
        "fnum": 2,
        "status":1
    }, {
        "ID": 69814,
        "name": "车位1029",
        "fnum": 2,
        "status":2
    }, {
        "ID": 69788,
        "name": "车位1028",
        "fnum": 2,
        "status":1
    },{
        "ID": 69813,
        "name": "车位1027",
        "fnum": 2,
        "status":2
    }, {
        "ID": 69812,
        "name": "车位1026",
        "fnum": 2,
        "status":1
    }, {
        "ID": 69822,
        "name": "车位1013",
        "fnum": 2,
        "status":2
    }, {
        "ID": 69823,
        "name": "车位1014",
        "fnum": 2,
        "status":2
    }, {
        "ID": 69824,
        "name": "车位1015",
        "fnum": 2,
        "status":1
    }, {
        "ID": 69825,
        "name": "车位1016",
        "fnum": 2,
        "status":1
    },{
        "ID": 69826,
        "name": "车位1017",
        "fnum": 2,
        "status":1
    }, {
        "ID": 69827,
        "name": "车位1018",
        "fnum": 2,
        "status":2
    }, {
        "ID": 69828,
        "name": "车位1019",
        "fnum": 2,
        "status":2
    }, {
        "ID": 69829,
        "name": "车位1020",
        "fnum": 2,
        "status":2
    }, {
        "ID": 69830,
        "name": "车位1021",
        "fnum": 2,
        "status":1
    }, {
        "ID": 69832,
        "name": "车位1022",
        "fnum": 2,
        "status":2
    },{
        "ID": 69772,
        "name": "车位1023",
        "fnum": 2,
        "status":1
    }, {
        "ID": 69833,
        "name": "车位1024",
        "fnum": 2,
        "status":1
    }, {
        "ID": 69792,
        "name": "车位1001",
        "fnum": 2,
        "status":2
    }, {
        "ID": 69791,
        "name": "车位1002",
        "fnum": 2,
        "status":2
    }, {
        "ID": 69790,
        "name": "车位1003",
        "fnum": 2,
        "status":2
    }, {
        "ID": 69783,
        "name": "车位1004",
        "fnum": 2,
        "status":2
    },{
        "ID": 69763,
        "name": "车位1005",
        "fnum": 2,
        "status":0
    },{
        "ID": 69835,
        "name": "车位1077",
        "fnum": 2,
        "status": 0
    }, {
        "ID": 69764,
        "name": "车位1006",
        "fnum": 2,
        "status":0
    }, {
        "ID": 69765,
        "name": "车位1007",
        "fnum": 2,
        "status":0
    }, {
        "ID": 69766,
        "name": "车位1008",
        "fnum": 2,
        "status":0
    }, {
        "ID": 69767,
        "name": "车位1009",
        "fnum": 2,
        "status":0
    }, {
        "ID": 69768,
        "name": "车位1010",
        "fnum": 2,
        "status":1
    },{
        "ID": 69769,
        "name": "车位1011",
        "fnum": 2,
        "status":2
    }, {
        "ID": 69834,
        "name": "车位1012",
        "fnum": 2,
        "status":1
    }, {
        "ID": 70090,
        "name": "车位2051",
        "fnum": 1,
        "status":0
    }, {
        "ID": 70091,
        "name": "车位2050",
        "fnum": 1,
        "status":0
    }, {
        "ID": 70092,
        "name": "车位2049",
        "fnum": 1,
        "status":0
    }, {
        "ID": 70093,
        "name": "车位2048",
        "fnum": 1,
        "status":0
    }, {
        "ID": 70094,
        "name": "车位2047",
        "fnum": 1,
        "status":0
    }, {
        "ID": 70095,
        "name": "车位2046",
        "fnum": 1,
        "status":1
    }, {
        "ID": 70096,
        "name": "车位2045",
        "fnum": 1,
        "status":2
    }, {
        "ID": 70097,
        "name": "车位2044",
        "fnum": 1,
        "status":2
    }, {
        "ID": 70098,
        "name": "车位2043",
        "fnum": 1,
        "status":1
    }, {
        "ID": 70099,
        "name": "车位2042",
        "fnum": 1,
        "status":2
    }, {
        "ID": 70100,
        "name": "车位2041",
        "fnum": 1,
        "status":1
    }, {
        "ID": 70101,
        "name": "车位2040",
        "fnum": 1,
        "status":1
    }, {
        "ID": 70102,
        "name": "车位2039",
        "fnum": 1,
        "status":1
    }, {
        "ID": 70103,
        "name": "车位2038",
        "fnum": 1,
        "status":2
    }, {
        "ID": 70104,
        "name": "车位2037",
        "fnum": 1,
        "status":2
    }, {
        "ID": 70105,
        "name": "车位2036",
        "fnum": 1,
        "status":2
    }, {
        "ID": 70106,
        "name": "车位2035",
        "fnum": 1,
        "status":1
    }, {
        "ID": 70107,
        "name": "车位2034",
        "fnum": 1,
        "status":1
    }, {
        "ID": 70108,
        "name": "车位2033",
        "fnum": 1,
        "status":2
    }, {
        "ID": 70109,
        "name": "车位2032",
        "fnum": 1,
        "status":2
    }, {
        "ID": 70110,
        "name": "车位2031",
        "fnum": 1,
        "status":2
    }, {
        "ID": 70111,
        "name": "车位2030",
        "fnum": 1,
        "status":1
    }, {
        "ID": 70112,
        "name": "车位2029",
        "fnum": 1,
        "status":2
    }, {
        "ID": 70118,
        "name": "车位2028",
        "fnum": 1,
        "status":1
    }, {
        "ID": 70126,
        "name": "车位2077",
        "fnum": 1,
        "status":1
    }, {
        "ID": 70127,
        "name": "车位2078",
        "fnum": 1,
        "status":2
    }, {
        "ID": 70128,
        "name": "车位2079",
        "fnum": 1,
        "status":2
    }, {
        "ID": 70129,
        "name": "车位2080",
        "fnum": 1,
        "status":1
    }, {
        "ID": 70130,
        "name": "车位2081",
        "fnum": 1,
        "status":1
    }, {
        "ID": 70131,
        "name": "车位2082",
        "fnum": 1,
        "status":2
    }, {
        "ID": 70132,
        "name": "车位2083",
        "fnum": 1,
        "status":2
    }, {
        "ID": 70133,
        "name": "车位2084",
        "fnum": 1,
        "status":2
    }, {
        "ID": 70134,
        "name": "车位2085",
        "fnum": 1,
        "status":2
    }, {
        "ID": 70135,
        "name": "车位2086",
        "fnum": 1,
        "status":2
    }, {
        "ID": 70136,
        "name": "车位2087",
        "fnum": 1,
        "status":2
    }, {
        "ID": 70125,
        "name": "车位2088",
        "fnum": 1,
        "status":1
    }, {
        "ID": 70124,
        "name": "车位2089",
        "fnum": 1,
        "status":2
    }, {
        "ID": 70123,
        "name": "车位2090",
        "fnum": 1,
        "status":1
    }, {
        "ID": 70137,
        "name": "车位2065",
        "fnum": 1,
        "status":1
    }, {
        "ID": 70138,
        "name": "车位2066",
        "fnum": 1,
        "status":2
    }, {
        "ID": 70139,
        "name": "车位2067",
        "fnum": 1,
        "status":2
    }, {
        "ID": 70140,
        "name": "车位2068",
        "fnum": 1,
        "status":2
    }, {
        "ID": 70141,
        "name": "车位2069",
        "fnum": 1,
        "status":1
    }, {
        "ID": 70142,
        "name": "车位2070",
        "fnum": 1,
        "status":1
    }, {
        "ID": 70143,
        "name": "车位2071",
        "fnum": 1,
        "status":1
    }, {
        "ID": 70144,
        "name": "车位2072",
        "fnum": 1,
        "status":1
    }, {
        "ID": 70145,
        "name": "车位2073",
        "fnum": 1,
        "status":2
    }, {
        "ID": 70146,
        "name": "车位2074",
        "fnum": 1,
        "status":2
    }, {
        "ID": 70147,
        "name": "车位2075",
        "fnum": 1,
        "status":2
    }, {
        "ID": 70148,
        "name": "车位2076",
        "fnum": 1,
        "status":2
    }, {
        "ID": 70149,
        "name": "车位2052",
        "fnum": 1,
        "status":2
    }, {
        "ID": 70150,
        "name": "车位2053",
        "fnum": 1,
        "status":1
    }, {
        "ID": 70151,
        "name": "车位2054",
        "fnum": 1,
        "status":1
    }, {
        "ID": 70152,
        "name": "车位2055",
        "fnum": 1,
        "status":2
    }, {
        "ID": 70153,
        "name": "车位2056",
        "fnum": 1,
        "status":2
    }, {
        "ID": 70154,
        "name": "车位2057",
        "fnum": 1,
        "status":1
    }, {
        "ID": 70155,
        "name": "车位2058",
        "fnum": 1,
        "status":1
    }, {
        "ID": 70156,
        "name": "车位2059",
        "fnum": 1,
        "status":1
    }, {
        "ID": 70157,
        "name": "车位2060",
        "fnum": 1,
        "status":1
    }, {
        "ID": 70158,
        "name": "车位2061",
        "fnum": 1,
        "status":1
    }, {
        "ID": 70159,
        "name": "车位2062",
        "fnum": 1,
        "status": 1
    }, {
        "ID": 70160,
        "name": "车位2063",
        "fnum": 1,
        "status":2
    }, {
        "ID": 70161,
        "name": "车位2064",
        "fnum": 1,
        "status":2
    }, {
        "ID": 70162,
        "name": "车位2011",
        "fnum": 1,
        "status":2
    }, {
        "ID": 70163,
        "name": "车位2010",
        "fnum": 1,
        "status":2
    }, {
        "ID": 70164,
        "name": "车位2009",
        "fnum": 1,
        "status":1
    }, {
        "ID": 70165,
        "name": "车位2008",
        "fnum": 1,
        "status":2
    }, {
        "ID": 70166,
        "name": "车位2007",
        "fnum": 1,
        "status":2
    }, {
        "ID": 70167,
        "name": "车位2006",
        "fnum": 1,
        "status":1
    }, {
        "ID": 70168,
        "name": "车位2005",
        "fnum": 1,
        "status":1
    }, {
        "ID": 70169,
        "name": "车位2004",
        "fnum": 1,
        "status":1
    }, {
        "ID": 70170,
        "name": "车位2003",
        "fnum": 1,
        "status":2
    }, {
        "ID": 70171,
        "name": "车位2002",
        "fnum": 1,
        "status":1
    }, {
        "ID": 70172,
        "name": "车位2001",
        "fnum": 1,
        "status":2
    }, {
        "ID": 70173,
        "name": "车位2091",
        "fnum": 1,
        "status":1
    }, {
        "ID": 70174,
        "name": "车位2092",
        "fnum": 1,
        "status":1
    }, {
        "ID": 70175,
        "name": "车位2093",
        "fnum": 1,
        "status":2
    }, {
        "ID": 70176,
        "name": "车位2094",
        "fnum": 1,
        "status":2
    }, {
        "ID": 70177,
        "name": "车位2095",
        "fnum": 1,
        "status":1
    }, {
        "ID": 70122,
        "name": "车位2027",
        "fnum": 1,
        "status":1
    }, {
        "ID": 70084,
        "name": "车位2026",
        "fnum": 1,
        "status":1
    }, {
        "ID": 70083,
        "name": "车位2025",
        "fnum": 1,
        "status":1
    }, {
        "ID": 70120,
        "name": "车位2012",
        "fnum": 1,
        "status":1
    }, {
        "ID": 70089,
        "name": "车位2013",
        "fnum": 1,
        "status":1
    }, {
        "ID": 70088,
        "name": "车位2014",
        "fnum": 1,
        "status":1
    }, {
        "ID": 70113,
        "name": "车位2015",
        "fnum": 1,
        "status":2
    }, {
        "ID": 70114,
        "name": "车位2016",
        "fnum": 1,
        "status":1
    }, {
        "ID": 70115,
        "name": "车位2017",
        "fnum": 1,
        "status":2
    }, {
        "ID": 70116,
        "name": "车位2018",
        "fnum": 1,
        "status":1
    }, {
        "ID": 70117,
        "name": "车位2019",
        "fnum": 1,
        "status":1
    },  {
        "ID": 70119,
        "name": "车位2020",
        "fnum": 1,
        "status":1
    }, {
        "ID": 70085,
        "name": "车位2021",
        "fnum": 1,
        "status":2
    }, {
        "ID": 70086,
        "name": "车位2022",
        "fnum": 1,
        "status":1
    }, {
        "ID": 70087,
        "name": "车位2023",
        "fnum": 1,
        "status":2
    }, {
        "ID": 70121,
        "name": "车位2024",
        "fnum": 1,
        "status":1
    }]
}